이름,나이,거주지
김정훈,25,송파
오시훈,25,송파
김건우,25,송파
김정훈,25,송파
오시훈,25,송파
김건우,25,송파
김정훈,25,송파
오시훈,25,송파
김건우,25,송파
김정훈,25,송파
오시훈,25,송파
김건우,25,송파
김정훈,25,송파
오시훈,25,송파
김건우,25,송파
김정훈,25,송파
오시훈,25,송파
김건우,25,송파
김정훈,25,송파
오시훈,25,송파
김건우,25,송파
김정훈,25,송파
오시훈,25,송파
김건우,25,송파
김정훈,25,송파
오시훈,25,송파
김건우,25,송파
김정훈,25,송파
오시훈,25,송파
김건우,25,송파
김정훈,25,송파
오시훈,25,송파
김건우,25,송파
김정훈,25,송파
오시훈,25,송파
김건우,25,송파
김정훈,25,송파
오시훈,25,송파
김건우,25,송파
김정훈,25,송파
오시훈,25,송파
김건우,25,송파
김정훈,25,송파
오시훈,25,송파
김건우,25,송파
김정훈,25,송파
오시훈,25,송파
김건우,25,송파
김정훈,25,송파
오시훈,25,송파
김건우,25,송파
김정훈,25,송파
오시훈,25,송파
김건우,25,송파
김정훈,25,송파
오시훈,25,송파
김건우,25,송파
김정훈,25,송파
오시훈,25,송파
김건우,25,송파
김정훈,25,송파
오시훈,25,송파
김건우,25,송파
김정훈,25,송파
오시훈,25,송파
김건우,25,송파
김정훈,25,송파
오시훈,25,송파
김건우,25,송파
김정훈,25,송파
오시훈,25,송파
김건우,25,송파
김정훈,25,송파
오시훈,25,송파
김건우,25,송파
김정훈,25,송파
오시훈,25,송파
김건우,25,송파
김정훈,25,송파
오시훈,25,송파
김건우,25,송파
김정훈,25,송파
오시훈,25,송파
김건우,25,송파
김정훈,25,송파
오시훈,25,송파
김건우,25,송파
김정훈,25,송파
오시훈,25,송파
김건우,25,송파
김정훈,25,송파
오시훈,25,송파
김건우,25,송파
김정훈,25,송파
오시훈,25,송파
김건우,25,송파
김정훈,25,송파
오시훈,25,송파
김건우,25,송파
,25,송파
,25,송파
,25,송파